<?xml version="1.0" encoding="windows-1252"?>
<Collection name="New Site Designers" guid="{D16C9658-0577-4F1A-9CF0-2799F372B60D}" system="Yes" updatable="No" blockNavigatorNode="No">
	<HelpLink></HelpLink>
	<Help></Help>
	<Addon name="_onInstall" guid="{F0CFD027-57AC-4125-A645-E93AD7894E51}" type="Add-on">
		<Copy></Copy>
		<CopyText></CopyText>
		<ActiveXProgramID></ActiveXProgramID>
		<DotNetClass></DotNetClass>
		<ArgumentList></ArgumentList>
		<AsAjax>No</AsAjax>
		<Filter>No</Filter>
		<Help></Help>
		<HelpLink></HelpLink>
		<Icon Link="" width="0" height="0" sprites="0" />
		<InIframe>No</InIframe>
		<BlockEditTools>No</BlockEditTools>
		<FormXML></FormXML>
		<IsInline>No</IsInline>
		<JavascriptOnLoad></JavascriptOnLoad>
		<JavascriptInHead></JavascriptInHead>
		<JavascriptBodyEnd></JavascriptBodyEnd>
		<MetaDescription></MetaDescription>
		<OtherHeadTags></OtherHeadTags>
		<Content>No</Content>
		<Template>No</Template>
		<Email>No</Email>
		<Admin>No</Admin>
		<OnPageEndEvent>No</OnPageEndEvent>
		<OnPageStartEvent>No</OnPageStartEvent>
		<OnBodyStart>No</OnBodyStart>
		<OnBodyEnd>No</OnBodyEnd>
		<RemoteMethod>No</RemoteMethod>
		<ProcessRunOnce>Yes</ProcessRunOnce>
		<ProcessInterval>0</ProcessInterval>
		<PageTitle></PageTitle>
		<RemoteAssetLink></RemoteAssetLink>
		<Styles></Styles>
		<Scripting Language="" EntryPoint="" Timeout="5000">
		<Code><![CDATA[
'
' New Site onInstall
'
function onInstall()
	'
	const landingPageGuid = "{925F4A57-32F7-44D9-9027-A91EF966FB0D}"
	const pageNotFoundGuid = "{2DB43A39-473D-42FF-ACE2-20094FBD3537}"
	'
	dim siteKey
	dim s
	dim userName
	dim userEmail
	dim userUsername
	dim userPassword
	dim cs
	dim recordId
	dim http
	dim sourceUrl
	dim imageFilename
	dim copy
	dim agentCopy
	dim officeCopy
	dim link
	dim agentPhotoLink
	dim officeLogoLink
	'
	set cs = cp.csNew()
	Call csv.SetSiteProperty("ALLOWLINKALIAS", "1", 0)
	'
	' bug fix for pre-4.1.575
	'
	Call csv.SetSiteProperty("adminUrl", "/admin/index.php", 0)
	Call csv.SetSiteProperty("serverpagedefault", "index.php", 0)
	'
	' turn on tool panel login and account tab for new sites
	'
	Call csv.SetSiteProperty("TOOLPANELSHOWLOGINTAB", "1", 0)
	Call csv.SetSiteProperty("TOOLPANELSHOWACCOUNTTAB", "1", 0)
	'
	' set link aliases for all records in page content
	'   - this needs to be moved to the base content collection
	'
	call cs.open( "page content")
	Do While cs.ok()
		name = cs.getText("name")
		alias = "/" & Replace(name, " ", "-")
		Call verifyLinkAlias(name, alias)
		Call cs.goNext()
	Loop
	Call cs.close()
	'
	' set first landing page id, delete the rest
	'
	if cs.open( "page content", "ccguid=" & cp.db.encodeSqlText( landingPageGuid )) then
		recordId = cs.getInteger( "id" )
		call cp.site.setProperty( "LANDINGPAGEID", recordId)
		'
		' delete any duplcate Guids
		'
		call cs.goNext()
		Do While cs.ok()
			call cs.Delete()
			Call cs.goNext()
		Loop
	end if
	Call cs.close()
	'
	' set page not found
	'
	if cs.open( "page content", "ccguid=" & cp.db.encodeSqlText( pageNotFoundGuid )) then
		recordId = cs.getInteger( "id" )
		call cp.site.setProperty( "PAGENOTFOUNDPAGEID", recordId)
	end if
	Call cs.close()
	'
	' populate
	'
	siteKey = cp.site.getProperty( "siteKey" )
	m = siteKey
	set http = createObject( "kmaHttp3.httpClass" )
	m = http.getUrl( "http://support.contensive.com/getSiteConfig?siteKey=" & siteKey )
	set http = nothing
	if m<>"" then
		s = split( m, vbcrlf )
		if ubound( s ) >= 3 then
			userName = s( 0 )
			userEmail = s( 1 )
			userUsername = s( 2 )
			userPassword = s( 3 )
			m = m & "<br>name(" & userName & "),email(" & userEmail & "),username(" & userUsername & "),password(" & userPassword & ")"
			set cs = cp.csNew()
			if cs.open( "people", "email=" & cp.db.encodeSqlText( userEmail ) ) Then
				m = "user already created. no change."
			else
				call cs.close()
				call cs.insert( "members" )
				call cs.setfield( "name", userName )
				call cs.setfield( "email", userEmail )
				call cs.setfield( "username", userUserName )
				call cs.setfield( "password", userPassword )
				call cs.setfield( "admin", "1" )
				m = "user added."
			end if
			call cs.close()
		end if
	end if
	'
	' clear cache
	'
	call cp.cache.clearAll()
	'
end function
'
'
'
Sub verifyLinkAlias(PageName, LinkAlias)
    Dim cs
    Dim IsFound
    Dim pageId
    '
	set cs = cp.csNew()
    IsFound = cs.open("Link Aliases", "name=" & cp.db.encodeSQLText(LinkAlias))
    call cs.close()
    '
    If Not IsFound Then
        if ( cs.insert("Link Aliases")) then
            pageId = cp.content.getRecordID("page content", PageName)
            call cs.setField( "name", LinkAlias)
            call cs.setField( "pageid", pageId)
        End If
        Call cs.close()
    End If
End Sub
'
'
'
function getLayout(LayoutName)
    Dim cs
    '
	getLayout = ""
	set cs = cp.csNew()
    if cs.open("layouts", "name=" & cp.db.encodeSQLText(LayoutName)) then
		getLayout = cs.getText( "layout" )
	end if
    call cs.close()
    '
end function
		

		]]></Code>
		</Scripting>
	</Addon>
	<data>
		<record content="page content" guid="{925F4A57-32F7-44D9-9027-A91EF966FB0D}" name="Home">
			<field name="ACTIVE">True</field>
			<field name="SORTORDER"></field>
			<field name="Headline"><![CDATA[Welcome To Your New Site (Headline)]]></field>
			<field name="Copyfilename"><![CDATA[<p>This is a "content box". What you type in this box is unique to the page that is displaying. You can add pictures, content and links in this content box.<br></p><h2>Be Sure To Log In</h2><p>When you log into this website, you'll be able to manage content, add new pages, and even add people to your database.</p><p> <a href="/admin">Click here to visit your Administration home page</a>.</p><p>&nbsp;</p><div style="text-align: center"><iframe src="http://www.youtube.com/embed/6PF5-tW5TlY" allowfullscreen="" width="425" frameborder="0" height="349"></iframe></div>]]></field>
			<field name="LinkAlias"></field>
			<field name="LinkLabel"></field>
			<field name="AllowMetaContentNoFollow">False</field>
			<field name="BlockContent">False</field>
			<field name="BlockPage">False</field>
			<field name="BlockSourceID"></field>
			<field name="CustomBlockMessage"></field>
			<field name="RegistrationGroupID"></field>
			<field name="ContentPadding">20</field>
			<field name="ContactMemberID"></field>
			<field name="IsSecure">False</field>
			<field name="TemplateID"></field>
			<field name="AllowHitNotification">False</field>
			<field name="AllowReturnLinkDisplay">True</field>
			<field name="AllowSeeAlso">False</field>
			<field name="AllowFeedback">False</field>
			<field name="AllowMoreInfo">False</field>
			<field name="AllowPrinterVersion">False</field>
			<field name="AllowEmailPage">False</field>
			<field name="AllowLastModifiedFooter">False</field>
			<field name="AllowMessageFooter">False</field>
			<field name="AllowReviewedFooter">False</field>
			<field name="DateReviewed">9/1/2011 1:20:41 PM</field>
			<field name="ReviewedBy"></field>
			<field name="Viewings">78</field>
			<field name="PubDate">12:00:00 AM</field>
			<field name="DateExpires">12:00:00 AM</field>
			<field name="DateArchive">12:00:00 AM</field>
			<field name="ArchiveParentID"></field>
			<field name="JSOnLoad"></field>
			<field name="JSHead"></field>
			<field name="JSFilename"></field>
			<field name="JSEndBody"></field>
			<field name="AllowInMenus">True</field>
			<field name="AllowInChildLists">True</field>
			<field name="AllowChildListDisplay">True</field>
			<field name="ChildListSortMethodID"></field>
			<field name="MenuHeadline"></field>
			<field name="AllowBrief">True</field>
			<field name="BriefFilename"></field>
			<field name="Link"></field>
			<field name="Clicks">0</field>
			<field name="ParentID"></field>
			<field name="ParentListName"></field>
			<field name="ChildPagesFound">True</field>
			<field name="ChildListInstanceOptions"></field>
			<field name="PageLink"></field>
			<field name="TriggerConditionID"></field>
			<field name="TriggerConditionGroupID"></field>
			<field name="TriggerSendSystemEmailID"></field>
			<field name="TriggerAddGroupID"></field>
			<field name="TriggerRemoveGroupID"></field>
		</record>
		<record content="page content" guid="{E3E06FBA-8C27-4BDF-8B52-146367957A5E}" name="About Us">
			<field name="ACTIVE">True</field>
			<field name="SORTORDER"></field>
			<field name="Headline"><![CDATA[About Us]]></field>
			<field name="Copyfilename"><![CDATA[<P>This is the about us page, it is a content page that you can use to add text and/or pictures.</P>
<P>&nbsp;</P>
<P><BR>&nbsp;</P>
<P align=center><IFRAME src="http://www.youtube.com/embed/y4VL4mhCloc" frameBorder=0 width=425 height=349 allowfullscreen></IFRAME></P>]]></field>
			<field name="LinkAlias"></field>
			<field name="LinkLabel"></field>
			<field name="AllowMetaContentNoFollow">False</field>
			<field name="BlockContent">False</field>
			<field name="BlockPage">False</field>
			<field name="BlockSourceID"></field>
			<field name="CustomBlockMessage"></field>
			<field name="RegistrationGroupID"></field>
			<field name="ContentPadding">20</field>
			<field name="ContactMemberID"></field>
			<field name="IsSecure">False</field>
			<field name="TemplateID"></field>
			<field name="AllowHitNotification">False</field>
			<field name="AllowReturnLinkDisplay">True</field>
			<field name="AllowSeeAlso">False</field>
			<field name="AllowFeedback">False</field>
			<field name="AllowMoreInfo">False</field>
			<field name="AllowPrinterVersion">False</field>
			<field name="AllowEmailPage">False</field>
			<field name="AllowLastModifiedFooter">False</field>
			<field name="AllowMessageFooter">False</field>
			<field name="AllowReviewedFooter">False</field>
			<field name="DateReviewed">8/15/2011 2:47:33 PM</field>
			<field name="ReviewedBy"></field>
			<field name="Viewings">16</field>
			<field name="PubDate">12:00:00 AM</field>
			<field name="DateExpires">12:00:00 AM</field>
			<field name="DateArchive">12:00:00 AM</field>
			<field name="ArchiveParentID"></field>
			<field name="JSOnLoad"></field>
			<field name="JSHead"></field>
			<field name="JSFilename"></field>
			<field name="JSEndBody"></field>
			<field name="AllowInMenus">True</field>
			<field name="AllowInChildLists">True</field>
			<field name="AllowChildListDisplay">True</field>
			<field name="ChildListSortMethodID"></field>
			<field name="MenuHeadline"></field>
			<field name="AllowBrief">True</field>
			<field name="BriefFilename"></field>
			<field name="Link"></field>
			<field name="Clicks">0</field>
			<field name="ParentID"></field>
			<field name="ParentListName"></field>
			<field name="ChildPagesFound">True</field>
			<field name="ChildListInstanceOptions"></field>
			<field name="PageLink"></field>
			<field name="TriggerConditionID"></field>
			<field name="TriggerConditionGroupID"></field>
			<field name="TriggerSendSystemEmailID"></field>
			<field name="TriggerAddGroupID"></field>
			<field name="TriggerRemoveGroupID"></field>
		</record>
		<record content="page content" guid="{8E126F77-F98D-44E7-86FE-9FCBA3F1E80E}" name="Contact Us">
			<field name="ACTIVE">True</field>
			<field name="SORTORDER"></field>
			<field name="Headline"><![CDATA[Contact Us (Headline)]]></field>
			<field name="Copyfilename"><![CDATA[<P>This is the copy for the page it can be edited by using "edit tags" or by clicking on "quick edit" and "apply". You can ad images and links here as well.</P>
<P>&nbsp;</P>
<H2 align=center>How to Manage Sections -- Video</H2>
<P align=center><IFRAME src="http://www.youtube.com/embed/Ov-mSMG7Pxs" frameBorder=0 width=425 height=349 allowfullscreen></IFRAME></P>]]></field>
			<field name="LinkAlias"></field>
			<field name="LinkLabel"></field>
			<field name="AllowMetaContentNoFollow">False</field>
			<field name="BlockContent">False</field>
			<field name="BlockPage">False</field>
			<field name="BlockSourceID"></field>
			<field name="CustomBlockMessage"></field>
			<field name="RegistrationGroupID"></field>
			<field name="ContentPadding">20</field>
			<field name="ContactMemberID"></field>
			<field name="IsSecure">False</field>
			<field name="TemplateID"></field>
			<field name="AllowHitNotification">False</field>
			<field name="AllowReturnLinkDisplay">True</field>
			<field name="AllowSeeAlso">False</field>
			<field name="AllowFeedback">False</field>
			<field name="AllowMoreInfo">False</field>
			<field name="AllowPrinterVersion">False</field>
			<field name="AllowEmailPage">False</field>
			<field name="AllowLastModifiedFooter">False</field>
			<field name="AllowMessageFooter">False</field>
			<field name="AllowReviewedFooter">False</field>
			<field name="DateReviewed">8/15/2011 3:16:59 PM</field>
			<field name="ReviewedBy"></field>
			<field name="Viewings">8</field>
			<field name="PubDate">12:00:00 AM</field>
			<field name="DateExpires">12:00:00 AM</field>
			<field name="DateArchive">12:00:00 AM</field>
			<field name="ArchiveParentID"></field>
			<field name="JSOnLoad"></field>
			<field name="JSHead"></field>
			<field name="JSFilename"></field>
			<field name="JSEndBody"></field>
			<field name="AllowInMenus">True</field>
			<field name="AllowInChildLists">True</field>
			<field name="AllowChildListDisplay">True</field>
			<field name="ChildListSortMethodID"></field>
			<field name="MenuHeadline"></field>
			<field name="AllowBrief">True</field>
			<field name="BriefFilename"></field>
			<field name="Link"></field>
			<field name="Clicks">0</field>
			<field name="ParentID"></field>
			<field name="ParentListName"></field>
			<field name="ChildPagesFound">True</field>
			<field name="ChildListInstanceOptions"></field>
			<field name="PageLink"></field>
			<field name="TriggerConditionID"></field>
			<field name="TriggerConditionGroupID"></field>
			<field name="TriggerSendSystemEmailID"></field>
			<field name="TriggerAddGroupID"></field>
			<field name="TriggerRemoveGroupID"></field>
		</record>
		<record content="page content" guid="{08CCD501-83AE-4A5A-B998-68FE2C4AAD28}" name="Contensive Log In">
			<field name="ACTIVE">True</field>
			<field name="SORTORDER"></field>
			<field name="Headline"><![CDATA[Contensive Log In]]></field>
			<field name="Copyfilename"><![CDATA[
<P><AC type="AGGREGATEFUNCTION" name="Login Form" ACInstanceID="{5C1CE68D-8748-437C-8B5E-079E27348508}" querystring="" guid="{E23C5941-19C2-4164-BCFD-83D6DD42F651}"></P>]]></field>
			<field name="LinkAlias"></field>
			<field name="LinkLabel"></field>
			<field name="AllowMetaContentNoFollow">False</field>
			<field name="BlockContent">False</field>
			<field name="BlockPage">False</field>
			<field name="BlockSourceID"></field>
			<field name="CustomBlockMessage"></field>
			<field name="RegistrationGroupID"></field>
			<field name="ContentPadding">20</field>
			<field name="ContactMemberID"></field>
			<field name="IsSecure">False</field>
			<field name="TemplateID"></field>
			<field name="AllowHitNotification">False</field>
			<field name="AllowReturnLinkDisplay">True</field>
			<field name="AllowSeeAlso">False</field>
			<field name="AllowFeedback">False</field>
			<field name="AllowMoreInfo">False</field>
			<field name="AllowPrinterVersion">False</field>
			<field name="AllowEmailPage">False</field>
			<field name="AllowLastModifiedFooter">False</field>
			<field name="AllowMessageFooter">False</field>
			<field name="AllowReviewedFooter">False</field>
			<field name="DateReviewed">8/15/2011 3:11:45 PM</field>
			<field name="ReviewedBy"></field>
			<field name="Viewings">0</field>
			<field name="PubDate">12:00:00 AM</field>
			<field name="DateExpires">12:00:00 AM</field>
			<field name="DateArchive">12:00:00 AM</field>
			<field name="ArchiveParentID"></field>
			<field name="JSOnLoad"></field>
			<field name="JSHead"></field>
			<field name="JSFilename"></field>
			<field name="JSEndBody"></field>
			<field name="AllowInMenus">False</field>
			<field name="AllowInChildLists">False</field>
			<field name="AllowChildListDisplay">True</field>
			<field name="ChildListSortMethodID"></field>
			<field name="MenuHeadline"></field>
			<field name="AllowBrief">True</field>
			<field name="BriefFilename"></field>
			<field name="Link"></field>
			<field name="Clicks">0</field>
			<field name="ParentID">{925F4A57-32F7-44D9-9027-A91EF966FB0D}</field>
			<field name="ParentListName"></field>
			<field name="ChildPagesFound">True</field>
			<field name="ChildListInstanceOptions"></field>
			<field name="PageLink"></field>
			<field name="TriggerConditionID">1</field>
			<field name="TriggerConditionGroupID"></field>
			<field name="TriggerSendSystemEmailID"></field>
			<field name="TriggerAddGroupID"></field>
			<field name="TriggerRemoveGroupID"></field>
		</record>
		<record content="page content" guid="{65D9C7C6-05FD-481A-BE7E-D2F835C7FCCD}" name="Contensive Tour">
			<field name="ACTIVE">True</field>
			<field name="SORTORDER"></field>
			<field name="Headline"><![CDATA[Contensive Tour]]></field>
			<field name="Copyfilename"><![CDATA[<!--
cc
-->
<P align=center><IFRAME src="http://www.youtube.com/embed/OOUsrbxhGTs" frameBorder=0 width=425 height=349 allowfullscreen></IFRAME><BR></P><!--
/cc
-->]]></field>
			<field name="LinkAlias"></field>
			<field name="LinkLabel"></field>
			<field name="AllowMetaContentNoFollow">False</field>
			<field name="BlockContent">False</field>
			<field name="BlockPage">False</field>
			<field name="BlockSourceID"></field>
			<field name="CustomBlockMessage"></field>
			<field name="RegistrationGroupID"></field>
			<field name="ContentPadding">20</field>
			<field name="ContactMemberID"></field>
			<field name="IsSecure">False</field>
			<field name="TemplateID"></field>
			<field name="AllowHitNotification">False</field>
			<field name="AllowReturnLinkDisplay">True</field>
			<field name="AllowSeeAlso">False</field>
			<field name="AllowFeedback">False</field>
			<field name="AllowMoreInfo">False</field>
			<field name="AllowPrinterVersion">False</field>
			<field name="AllowEmailPage">False</field>
			<field name="AllowLastModifiedFooter">False</field>
			<field name="AllowMessageFooter">False</field>
			<field name="AllowReviewedFooter">False</field>
			<field name="DateReviewed">8/15/2011 3:19:34 PM</field>
			<field name="ReviewedBy"></field>
			<field name="Viewings">5</field>
			<field name="PubDate">12:00:00 AM</field>
			<field name="DateExpires">12:00:00 AM</field>
			<field name="DateArchive">12:00:00 AM</field>
			<field name="ArchiveParentID"></field>
			<field name="JSOnLoad"></field>
			<field name="JSHead"></field>
			<field name="JSFilename"></field>
			<field name="JSEndBody"></field>
			<field name="AllowInMenus">True</field>
			<field name="AllowInChildLists">True</field>
			<field name="AllowChildListDisplay">True</field>
			<field name="ChildListSortMethodID"></field>
			<field name="MenuHeadline"></field>
			<field name="AllowBrief">True</field>
			<field name="BriefFilename"></field>
			<field name="Link"></field>
			<field name="Clicks">0</field>
			<field name="ParentID"></field>
			<field name="ParentListName"></field>
			<field name="ChildPagesFound">True</field>
			<field name="ChildListInstanceOptions"></field>
			<field name="PageLink"></field>
			<field name="TriggerConditionID"></field>
			<field name="TriggerConditionGroupID"></field>
			<field name="TriggerSendSystemEmailID"></field>
			<field name="TriggerAddGroupID"></field>
			<field name="TriggerRemoveGroupID"></field>
		</record>
		<record content="page content" guid="{2DB43A39-473D-42FF-ACE2-20094FBD3537}" name="Page Not Found">
			<field name="ACTIVE">True</field>
			<field name="SORTORDER"></field>
			<field name="Headline"><![CDATA[Page Not Found]]></field>
			<field name="Copyfilename"><![CDATA[<p>The page you were looking for could not be found.</p>]]></field>
			<field name="LinkAlias"><![CDATA[Page Not Found]]></field>
			<field name="LinkLabel"></field>
			<field name="AllowMetaContentNoFollow">False</field>
			<field name="BlockContent">False</field>
			<field name="BlockPage">False</field>
			<field name="BlockSourceID"></field>
			<field name="CustomBlockMessage"></field>
			<field name="RegistrationGroupID"></field>
			<field name="ContentPadding">20</field>
			<field name="ContactMemberID"></field>
			<field name="IsSecure">False</field>
			<field name="TemplateID"></field>
			<field name="AllowHitNotification">False</field>
			<field name="AllowReturnLinkDisplay">True</field>
			<field name="AllowSeeAlso">False</field>
			<field name="AllowFeedback">False</field>
			<field name="AllowMoreInfo">False</field>
			<field name="AllowPrinterVersion">False</field>
			<field name="AllowEmailPage">False</field>
			<field name="AllowLastModifiedFooter">False</field>
			<field name="AllowMessageFooter">False</field>
			<field name="AllowReviewedFooter">False</field>
			<field name="DateReviewed">8/15/2012 6:23:10 PM</field>
			<field name="ReviewedBy"></field>
			<field name="Viewings">0</field>
			<field name="PubDate">12:00:00 AM</field>
			<field name="DateExpires">12:00:00 AM</field>
			<field name="DateArchive">12:00:00 AM</field>
			<field name="ArchiveParentID"></field>
			<field name="JSOnLoad"></field>
			<field name="JSHead"></field>
			<field name="JSFilename"></field>
			<field name="JSEndBody"></field>
			<field name="AllowInMenus">False</field>
			<field name="AllowInChildLists">False</field>
			<field name="AllowChildListDisplay">True</field>
			<field name="ChildListSortMethodID"></field>
			<field name="MenuHeadline"></field>
			<field name="AllowBrief">True</field>
			<field name="BriefFilename"></field>
			<field name="Link"></field>
			<field name="Clicks">0</field>
			<field name="ParentID">{925F4A57-32F7-44D9-9027-A91EF966FB0D}</field>
			<field name="ParentListName"></field>
			<field name="ChildPagesFound">True</field>
			<field name="ChildListInstanceOptions"></field>
			<field name="PageLink"></field>
			<field name="TriggerConditionID">1</field>
			<field name="TriggerConditionGroupID"></field>
			<field name="TriggerSendSystemEmailID"></field>
			<field name="TriggerAddGroupID"></field>
			<field name="TriggerRemoveGroupID"></field>
		</record>
		<record content="copy content" guid="{DCA8F2EA-E2BF-47BD-A987-9DF9B6861C12}" name="Default">
			<field name="ACTIVE">True</field>
			<field name="SORTORDER"></field>
			<field name="Copy"><![CDATA[<div style="padding-right: 20px;"><img style="margin-right: 20px;" alt="" src="/images/ManHandsEditMe.png" height="109" width="154" align="left" border="0">&nbsp; <br>This text Box is the header for the site.&nbsp; You can add your logo, phone numbers or anything else you would like to see here.<br></div>]]></field>
		</record>
		<record content="copy content" guid="{F29085D2-2F5D-42DA-B31B-7CB784F77AAE}" name="LeftSideContent">
			<field name="ACTIVE">True</field>
			<field name="SORTORDER"></field>
			<field name="Copy"><![CDATA[<h2>This is a text box</h2><p>A text box is an add-on that is dropped on the template and allows you to easily edit the text or images in it.</p><p>This text box was added to the home page template and the tier page template. Whatever you add to this box displays on any page that uses those templates.&nbsp; </p><p>The content of this text box can be edited by logging in, turning on your edit tags in the tool bar below and clicking on the edit tag in the upper left corner of the text box.</p>]]></field>
		</record>
		<record content="copy content" guid="{8976956B-80A0-4898-9340-35A286BBF817}" name="RightSideContent">
			<field name="ACTIVE">True</field>
			<field name="SORTORDER"></field>
			<field name="Copy"><![CDATA[<h2>This is another text box</h2><p>A text box is an add-on that is dropped on the template and allows you to easily edit the text or images in it.</p><p>
This text box was added to the home page template and the tier page 
template. Whatever you add to this box displays on any page that uses 
those templates.&nbsp; </p><p>
The content of this text box can be edited by logging in, turning on 
your edit tags in the tool bar below and clicking on the edit tag in the
 upper left corner of the text box.</p>]]></field>
		</record>
		<record content="copy content" guid="{18BE13FF-6668-4C29-BF1D-B2D8481C455A}" name="Footer">
			<field name="ACTIVE">True</field>
			<field name="SORTORDER"></field>
			<field name="Copy"><![CDATA[<p>This is the footer for the site. It is also a text box and appears on all templates that include this text box.<br></p>]]></field>
		</record>
		<record content="dynamic menus" guid="{E8D575B9-54AE-4BF9-93B7-C7E7FE6F2DB3}" name="Default">
			<field name="ACTIVE">True</field>
			<field name="SORTORDER"></field>
			<field name="Depth">2</field>
			<field name="Layout">1</field>
			<field name="useJsFlyoutCode">False</field>
			<field name="FlyoutOnHover">True</field>
			<field name="JavaScriptOnLoad"></field>
			<field name="JSFilename"></field>
			<field name="Delimiter"><![CDATA[|]]></field>
			<field name="FlyoutDirection">2</field>
			<field name="StylePrefix"><![CDATA[nav]]></field>
			<field name="StylesFilename"><![CDATA[			
a.navButton { 
	font-family: trebuchet ms, arial, helvetica, sans-serif;
	font-weight: bold;
	font-size: 16px;  
	font-style: normal;
	color: #f8f8f8;
	text-decoration: none;
	padding: 10px 20px 10px 20px;
	white-space: nowrap;  
	line-height: 40px;

	}

a.navButton:link {
	color: #f8f8f8;
	text-decoration: none;
	}
	
a.navButton:visited {
	color: #f8f8f8;
	text-decoration: none;
	}
	
a.navButton:hover {
	color: white;
	text-decoration: none;
	}

a.navButtonDown {
	color: #f8f8f8;
	}

.navDelimiter {
	}
.navPanel { 
	background-color: #d8e8f1; 	
	z-index: 101;  
	color: #546c7a;
	visibility: hidden;  
	position: absolute;
	border-top: #fff 1px solid;  
	border-bottom: #fff 1px solid;  
	border-left: #fff 1px solid;  
	border-right: #fff 1px solid;  
	}	

.navPanel {BORDER:white 1px solid;Z-INDEX:101;VISIBILITY:hidden;POSITION:absolute;BACKGROUND-COLOR:#e0e0e0;TEXT-DECORATION:none;}
A.navPanelButton {DISPLAY:block;BORDER-BOTTOM:#f0f0f0 1px solid;PADDING:4px;PADDING-LEFT:10px;PADDING-RIGHT:10px;FONT-WEIGHT:normal;FONT-SIZE:11px;FONT-STYLE:normal;FONT-FAMILY:verdana,arial,sans-serif;WHITE-SPACE:nowrap;TEXT-DECORATION:none;COLOR:black;}
A.navPanelButton:hover {TEXT-DECORATION:none;COLOR:white;BACKGROUND-COLOR:#669ACC;}
A.navPanelButton:visited {TEXT-DECORATION:none;}
A.navPanelButtonDown {TEXT-DECORATION:none;COLOR:white;BACKGROUND-COLOR:#669ACC;}
	
]]></field>
			<field name="classTopWrapper"></field>
			<field name="classTopList"></field>
			<field name="classTopItem"></field>
			<field name="classTierList"></field>
			<field name="classTierItem"></field>
			<field name="classItemActive"></field>
			<field name="classItemFirst"></field>
			<field name="classItemLast"></field>
			<field name="classItemHover"></field>
			<field name="classFlyoutParent"></field>
			<field name="listStylesFilename"></field>
		</record>
		<record content="site sections" guid="{D882ED77-DB8F-4183-B12C-F83BD616E2E1}" name="Home">
			<field name="ACTIVE">True</field>
			<field name="SORTORDER"><![CDATA[-1]]></field>
			<field name="Caption"><![CDATA[Home]]></field>
			<field name="TemplateID">{AC4272E3-3B2B-4735-9836-2F37F87722F2}</field>
			<field name="RootPageID">{925F4A57-32F7-44D9-9027-A91EF966FB0D}</field>
			<field name="ContentID">{02203F58-0921-4F75-A089-0EAD6E8FEB4F}</field>
			<field name="HideMenu">False</field>
			<field name="BlockSection">False</field>
			<field name="JSOnLoad"></field>
			<field name="JSFilename"></field>
			<field name="JSHead"></field>
			<field name="JSEndBody"></field>
		</record>
		<record content="site sections" guid="{C423F37B-D4AE-4527-B0B9-EF00C01621F7}" name="About Us">
			<field name="ACTIVE">True</field>
			<field name="SORTORDER"><![CDATA[a]]></field>
			<field name="Caption"><![CDATA[About Us]]></field>
			<field name="TemplateID">{47BE95E4-5D21-42CC-9193-A343241E2513}</field>
			<field name="RootPageID">{E3E06FBA-8C27-4BDF-8B52-146367957A5E}</field>
			<field name="ContentID">{02203F58-0921-4F75-A089-0EAD6E8FEB4F}</field>
			<field name="HideMenu">False</field>
			<field name="BlockSection">False</field>
			<field name="JSOnLoad"></field>
			<field name="JSFilename"></field>
			<field name="JSHead"></field>
			<field name="JSEndBody"></field>
		</record>
		<record content="site sections" guid="{32C4570E-71E7-4FDA-A69E-3CB21BDA370A}" name="Contact Us">
			<field name="ACTIVE">True</field>
			<field name="SORTORDER"><![CDATA[b]]></field>
			<field name="Caption"><![CDATA[Contact Us]]></field>
			<field name="TemplateID">{47BE95E4-5D21-42CC-9193-A343241E2513}</field>
			<field name="RootPageID">{8E126F77-F98D-44E7-86FE-9FCBA3F1E80E}</field>
			<field name="ContentID">{02203F58-0921-4F75-A089-0EAD6E8FEB4F}</field>
			<field name="HideMenu">False</field>
			<field name="BlockSection">False</field>
			<field name="JSOnLoad"></field>
			<field name="JSFilename"></field>
			<field name="JSHead"></field>
			<field name="JSEndBody"></field>
		</record>
		<record content="site sections" guid="{DA6F7C26-4DA1-4614-AEE2-FDFDA51043C3}" name="Contensive Tour">
			<field name="ACTIVE">True</field>
			<field name="SORTORDER"><![CDATA[c]]></field>
			<field name="Caption"><![CDATA[Contensive Tour]]></field>
			<field name="TemplateID">{47BE95E4-5D21-42CC-9193-A343241E2513}</field>
			<field name="RootPageID">{65D9C7C6-05FD-481A-BE7E-D2F835C7FCCD}</field>
			<field name="ContentID">{02203F58-0921-4F75-A089-0EAD6E8FEB4F}</field>
			<field name="HideMenu">False</field>
			<field name="BlockSection">False</field>
			<field name="JSOnLoad"></field>
			<field name="JSFilename"></field>
			<field name="JSHead"></field>
			<field name="JSEndBody"></field>
		</record>
		<record content="Dynamic Menu Section Rules" guid="{BEFAA133-140E-4392-A784-4DCBB190F18E}" name="">
			<field name="ACTIVE">True</field>
			<field name="SORTORDER"></field>
			<field name="DynamicMenuID">{E8D575B9-54AE-4BF9-93B7-C7E7FE6F2DB3}</field>
			<field name="SectionID">{D882ED77-DB8F-4183-B12C-F83BD616E2E1}</field>
		</record>
		<record content="Dynamic Menu Section Rules" guid="{0DAB41A5-5C43-4488-8E64-9204A647BC16}" name="">
			<field name="ACTIVE">True</field>
			<field name="SORTORDER"></field>
			<field name="DynamicMenuID">{E8D575B9-54AE-4BF9-93B7-C7E7FE6F2DB3}</field>
			<field name="SectionID">{C423F37B-D4AE-4527-B0B9-EF00C01621F7}</field>
		</record>
		<record content="Dynamic Menu Section Rules" guid="{E21581E1-38B9-47A0-8729-5E5EE2B27589}" name="">
			<field name="ACTIVE">True</field>
			<field name="SORTORDER"></field>
			<field name="DynamicMenuID">{E8D575B9-54AE-4BF9-93B7-C7E7FE6F2DB3}</field>
			<field name="SectionID">{32C4570E-71E7-4FDA-A69E-3CB21BDA370A}</field>
		</record>
		<record content="Dynamic Menu Section Rules" guid="{3F8DAA41-8FE1-4BC7-AE32-6458BF11A4AE}" name="">
			<field name="ACTIVE">True</field>
			<field name="SORTORDER"></field>
			<field name="DynamicMenuID">{E8D575B9-54AE-4BF9-93B7-C7E7FE6F2DB3}</field>
			<field name="SectionID">{DA6F7C26-4DA1-4614-AEE2-FDFDA51043C3}</field>
		</record>
		<record content="Glossary" guid="{B5E2EF75-0DB4-4BA5-83CB-328E4B2EA7CE}" name="content box">
			<field name="ACTIVE">True</field>
			<field name="SORTORDER"></field>
			<field name="copy"><![CDATA[<p>The editable region on each page where your page content is displayed. There will always be one and only one content box on a page.<br></p>]]></field>
		</record>
		<record content="Glossary" guid="{F21EAA94-12AA-4AD9-89FE-C0E1BC4F6456}" name="page content">
			<field name="ACTIVE">True</field>
			<field name="SORTORDER"></field>
			<field name="copy"><![CDATA[<p>Page content is the text and images that differentiate one page from the next. It is the main content of any webpage. In Contensive, page content is not just text and images, but also includes the many possible options and features unique to a page, such as the friendly URL, any custom security rules for the content, etc.<br></p>]]></field>
		</record>
		<record content="Glossary" guid="{307D10D6-FB9D-459A-9A75-5FAB6840DD91}" name="text box">
			<field name="ACTIVE">True</field>
			<field name="SORTORDER"></field>
			<field name="copy"><![CDATA[<p>A text box is a region in a page template where you can add text and images. A standard text box will use the same text and images (content) for every page that uses this template. There are text box variations that use the same content for each section or each page.<br></p>]]></field>
		</record>
	</data>
	<ImportCollection name="Template Basic">{527D15D8-CD98-4C06-ABE4-5AA9893B96CE}</ImportCollection>
	<ImportCollection name="Glossary">{2952271C-116A-41D2-B644-5066C22699CD}</ImportCollection>
	<ImportCollection name="Tool Panel">{374E2B8C-B29D-470B-BD1B-41CAA5BCEDCB}</ImportCollection>
	<Resource name="manhandseditme.png" type="www" path="images" />
	<Resource name="menubg.png" type="www" path="images" />
</Collection>